PersonId,FirstName,LastName,TelephoneNumber,Email
1,Konrad,Dabrowski,555-555-1212,konrad.dabrowski@WrenchWorksEmail.com
2,Jane,Doe,555-555-1213,jane.doe@WrenchWorksEmail.com
3,Bob,Smith,555-555-1214,bob.smith@WrenchWorksEmail.com
4,Emily,Johnson,555-555-1215,emily.johnson@WrenchWorksEmail.com
5,David,Lee,555-555-1216,david.lee@WrenchWorksEmail.com
6,Sarah,Kim,555-555-1217,sarah.kim@WrenchWorksEmail.com
7,Michael,Miller,555-555-1218,michael.miller@WrenchWorksEmail.com
8,Ashley,Anderson,555-555-1219,ashley.anderson@WrenchWorksEmail.com
9,Daniel,Martin,555-555-1220,daniel.martin@WrenchWorksEmail.com
10,Jessica,Taylor,555-555-1221,jessica.taylor@WrenchWorksEmail.com
11,Richard,Jackson,555-555-1222,richard.jackson@WrenchWorksEmail.com
12,Laura,Lopez,555-555-1223,laura.lopez@WrenchWorksEmail.com
13,Kevin,Clark,555-555-1224,kevin.clark@WrenchWorksEmail.com
14,Karen,Harris,555-555-1225,karen.harris@WrenchWorksEmail.com
15,Matthew,Lewis,555-555-1226,matthew.lewis@WrenchWorksEmail.com
16,Cynthia,Allen,555-555-1227,cynthia.allen@WrenchWorksEmail.com
17,Thomas,Young,555-555-1228,thomas.young@WrenchWorksEmail.com
18,Rachel,Hall,555-555-1229,rachel.hall@WrenchWorksEmail.com
19,Eric,Ramirez,555-555-1230,eric.ramirez@WrenchWorksEmail.com
20,Nancy,Scott,555-555-1231,nancy.scott@WrenchWorksEmail.com
21,Maria,Wright,555-555-1232,maria.wright@WrenchWorksEmail.com
22,Patrick,King,555-555-1233,patrick.king@WrenchWorksEmail.com
23,Michelle,Lee,555-555-1234,michelle.lee@WrenchWorksEmail.com
24,Scott,Baker,555-555-1235,scott.baker@WrenchWorksEmail.com
25,Amy,Gonzalez,555-555-1236,amy.gonzalez@WrenchWorksEmail.com
26,Timothy,Nelson,555-555-1237,timothy.nelson@WrenchWorksEmail.com
27,Rebecca,Carter,555-555-1238,rebecca.carter@WrenchWorksEmail.com
28,Adam,Morris,555-555-1239,adam.morris@WrenchWorksEmail.com
29,Stephanie,Murphy,555-555-1240,stephanie.murphy@WrenchWorksEmail.com
30,Jason,Parker,555-555-1241,jason.parker@WrenchWorksEmail.com
31,Amanda,Cooper,555-555-1242,amanda.cooper@WrenchWorksEmail.com
32,Jeffrey,Reed,555-555-1243,jeffrey.reed@WrenchWorksEmail.com
33,Angela,Phillips,555-555-1244,angela.phillips@WrenchWorksEmail.com
34,Keith,Campbell,555-555-1245,keith.campbell@WrenchWorksEmail.com
35,Melissa,Bailey,555-555-1246,melissa.bailey@WrenchWorksEmail.com
36,Joshua,Flores,555-555-1247,joshua.flores@WrenchWorksEmail.com
37,Derek,Cox,555-555-1249,derek.cox@WrenchWorksEmail.com
38,Sara,Adams,555-555-1250,sara.adams@WrenchWorksEmail.com
39,Justin,Green,555-555-1251,justin.green@WrenchWorksEmail.com
40,John,Anderson,555-555-1252,john.anderson@WrenchWorksEmail.com
41,Samantha,Johnson,555-555-1253,samantha.johnson@WrenchWorksEmail.com
42,Andrew,Smith,555-555-1254,andrew.smith@WrenchWorksEmail.com
43,Olivia,Johnson,555-555-1255,olivia.johnson@WrenchWorksEmail.com
44,Megan,Davis,555-555-1256,megan.davis@WrenchWorksEmail.com
45,Ethan,Brown,555-555-1257,ethan.brown@WrenchWorksEmail.com
46,Lauren,Johnson,555-555-1258,lauren.johnson@WrenchWorksEmail.com
47,Anthony,Williams,555-555-1259,anthony.williams@WrenchWorksEmail.com
48,Victoria,Smith,555-555-1260,victoria.smith@WrenchWorksEmail.com
49,Brian,Jackson,555-555-1261,brian.jackson@WrenchWorksEmail.com
50,Elizabeth,Jones,555-555-1262,elizabeth.jones@WrenchWorksEmail.com
51,Christopher,Smith,555-555-1263,christopher.smith@WrenchWorksEmail.com
52,Kelly,Taylor,555-555-1264,kelly.taylor@WrenchWorksEmail.com